{"quality": [[9.995384216308594, 9.937165260314941, 9.893030166625977, 9.832967758178711, 9.781155586242676, 9.689340591430664, 9.608668327331543, 9.630230903625488], [9.994860649108887, 9.95837116241455, 9.962325096130371, 9.976232528686523, 9.737445831298828, 9.860799789428711, 9.71300220489502, 9.718748092651367], [9.993318557739258, 9.982464790344238, 9.977094650268555, 9.974949836730957, 9.964823722839355, 9.973713874816895, 9.969468116760254, 9.97177505493164], [9.999292373657227, 9.978096961975098, 9.96949577331543, 9.967391967773438, 9.960378646850586, 9.959300994873047, 9.956385612487793, 9.957158088684082]], "radius_list": [0.25, 0.5, 8.0, 27.4620468035733], "frr_list": [0.5, 2.0, 4.0, 8.0, 10.0, 11.9, 13.3, 14.9], "duration": 2, "fps": 120, "screen_width": 384, "screen_height": 216}