{"quality": [[9.999345779418945, 9.98085880279541, 9.968541145324707, 9.952031135559082, 9.927392959594727, 9.899511337280273, 9.877695083618164, 9.88338565826416], [9.999576568603516, 9.987287521362305, 9.98831844329834, 9.993882179260254, 9.920647621154785, 9.953300476074219, 9.902663230895996, 9.903841972351074], [9.999658584594727, 9.995064735412598, 9.995035171508789, 9.996400833129883, 9.992185592651367, 9.99626350402832, 9.994536399841309, 9.995445251464844], [9.99971866607666, 9.99563217163086, 9.995734214782715, 9.997488975524902, 9.996027946472168, 9.99593448638916, 9.995060920715332, 9.995219230651855]], "radius_list": [0.25, 0.5, 8.0, 27.4620468035733], "frr_list": [0.5, 2.0, 4.0, 8.0, 10.0, 11.9, 13.3, 14.9], "duration": 2, "fps": 120, "screen_width": 384, "screen_height": 216}