{"quality": [[9.998798370361328, 9.969675064086914, 9.946256637573242, 9.915494918823242, 9.889233589172363, 9.849461555480957, 9.804043769836426, 9.814994812011719], [9.999003410339355, 9.97737979888916, 9.97567081451416, 9.98352336883545, 9.862330436706543, 9.901394844055176, 9.805821418762207, 9.805684089660645], [9.999134063720703, 9.988565444946289, 9.988143920898438, 9.991101264953613, 9.981255531311035, 9.990764617919922, 9.986673355102539, 9.98882007598877], [9.999354362487793, 9.990376472473145, 9.990057945251465, 9.993422508239746, 9.989977836608887, 9.989608764648438, 9.987574577331543, 9.987997055053711]], "radius_list": [0.25, 0.5, 8.0, 27.4620468035733], "frr_list": [0.5, 2.0, 4.0, 8.0, 10.0, 11.9, 13.3, 14.9], "duration": 2, "fps": 120, "screen_width": 384, "screen_height": 216}