{"quality": [[9.9991455078125, 9.981202125549316, 9.965865135192871, 9.94441032409668, 9.950303077697754, 9.925766944885254, 9.899161338806152, 9.906035423278809], [9.99938678741455, 9.990705490112305, 9.98888874053955, 9.990458488464355, 9.928742408752441, 9.949657440185547, 9.914947509765625, 9.918384552001953], [9.999533653259277, 9.99316120147705, 9.992753982543945, 9.994492530822754, 9.988513946533203, 9.994277954101562, 9.991758346557617, 9.993073463439941], [9.999634742736816, 9.994861602783203, 9.99448299407959, 9.996081352233887, 9.99416732788086, 9.993919372558594, 9.992814064025879, 9.993058204650879]], "radius_list": [0.25, 0.5, 8.0, 27.4620468035733], "frr_list": [0.5, 2.0, 4.0, 8.0, 10.0, 11.9, 13.3, 14.9], "duration": 2, "fps": 120, "screen_width": 384, "screen_height": 216}