{"quality": [[9.977542877197266, 9.981904983520508, 9.985976219177246, 9.986589431762695, 9.964099884033203, 9.945056915283203, 9.953015327453613, 9.96558666229248], [9.93410587310791, 9.949164390563965, 9.959810256958008, 9.984010696411133, 9.980483055114746, 9.958897590637207, 9.954405784606934, NaN], [9.997313499450684, 9.990015029907227, 9.98364543914795, 9.974064826965332, 9.968121528625488, 9.97274398803711, 9.966516494750977, 9.980506896972656], [9.999998092651367, 9.983968734741211, 9.97203254699707, 9.968310356140137, 9.95782470703125, 9.96229362487793, 9.961356163024902, 9.96178150177002]], "size_list": [0.5, 1, 16, "full"], "vrr_f_list": [0.5, 2, 4, 8, 10, 12, 14, 16], "duration": 2, "fps": 120, "screen_width": 384, "screen_height": 216}