{"quality": [[10.0, 10.0, 10.0, 10.0, 9.999650955200195, 9.998244285583496, 9.999035835266113, 9.999639511108398], [10.0, 9.999999046325684, 10.0, 9.999978065490723, 9.996036529541016, 9.990259170532227, 9.989152908325195, NaN], [10.0, 9.976624488830566, 9.971500396728516, 9.957305908203125, 9.945355415344238, 9.953067779541016, 9.941932678222656, 9.96674919128418], [10.0, 9.961347579956055, 9.949051856994629, 9.947150230407715, 9.923280715942383, 9.933867454528809, 9.931694984436035, 9.931290626525879]], "size_list": [0.5, 1, 16, "full"], "vrr_f_list": [0.5, 2, 4, 8, 10, 12, 14, 16], "duration": 2, "fps": 120, "screen_width": 384, "screen_height": 216}